scaffold	position	position_coverage	allele_count	ref_base	con_base	var_base	ref_freq	con_freq	var_freq	A	C	T	G	cryptic	class
CtDUw	54796	5	1	C	T	C	0.2	0.8	0.2	0	1	4	0	False	SNS
CtDUw	121177	5	1	A	G	A	0.0	1.0	0.0	0	0	0	5	False	SNS
CtDUw	161146	6	2	C	C	T	0.5	0.5	0.5	0	3	3	0	False	SNV
CtDUw	172256	5	2	C	C	G	0.6	0.6	0.4	0	3	0	2	False	SNV
CtDUw	275848	5	2	G	A	G	0.4	0.6	0.4	3	0	0	2	False	con_SNV
CtDUw	275889	5	2	A	G	A	0.4	0.6	0.4	2	0	0	3	False	con_SNV
CtDUw	348246	5	1	T	C	T	0.2	0.8	0.2	0	4	1	0	False	SNS
CtDUw	348296	5	1	C	T	C	0.2	0.8	0.2	0	1	4	0	False	SNS
CtDUw	572710	5	1	T	C	T	0.2	0.8	0.2	0	4	1	0	False	SNS
CtDUw	658463	9	2	T	T	C	0.7777777777777778	0.7777777777777778	0.2222222222222222	0	2	7	0	False	SNV
CtDUw	658466	9	2	C	C	T	0.5555555555555556	0.5555555555555556	0.4444444444444444	0	5	4	0	False	SNV
CtDUw	658787	5	2	A	A	G	0.6	0.6	0.4	3	0	0	2	False	SNV
CtDUw	703918	5	2	T	C	T	0.4	0.6	0.4	0	3	2	0	False	con_SNV
CtDUw	703929	5	2	A	G	A	0.4	0.6	0.4	2	0	0	3	False	con_SNV
CtDUw	720417	5	1	A	G	A	0.0	1.0	0.0	0	0	0	5	False	SNS
CtDUw	742391	6	1	C	T	A	0.0	1.0	0.0	0	0	6	0	False	SNS
CtDUw	742392	6	1	A	G	A	0.0	1.0	0.0	0	0	0	6	False	SNS
CtDUw	742445	7	2	C	T	C	0.2857142857142857	0.7142857142857143	0.2857142857142857	0	2	5	0	False	con_SNV
CtDUw	742447	7	2	T	G	T	0.2857142857142857	0.7142857142857143	0.2857142857142857	0	0	2	5	False	con_SNV
CtDUw	742474	5	1	C	T	C	0.2	0.8	0.2	0	1	4	0	False	SNS
CtDUw	749603	5	1	G	T	G	0.2	0.8	0.2	0	0	4	1	False	SNS
CtDUw	749654	5	1	G	A	G	0.2	0.8	0.2	4	0	0	1	False	SNS
CtDUw	749656	5	1	A	G	A	0.2	0.8	0.2	1	0	0	4	False	SNS
CtDUw	766685	5	1	A	G	A	0.0	1.0	0.0	0	0	0	5	False	SNS
CtDUw	886342	5	2	C	C	T	0.6	0.6	0.4	0	3	2	0	False	SNV
CtDUw	886744	5	1	T	C	T	0.2	0.8	0.2	0	4	1	0	False	SNS
CtDUw	908661	5	1	G	T	G	0.2	0.8	0.2	0	0	4	1	False	SNS
CtDUw	1024572	6	2	C	C	T	0.6666666666666666	0.6666666666666666	0.3333333333333333	0	4	2	0	False	SNV
CtDUw	1025818	5	1	C	T	A	0.0	1.0	0.0	0	0	5	0	False	SNS
CtDUw	1025838	5	1	C	T	A	0.0	1.0	0.0	0	0	5	0	False	SNS
CtDUw	1025839	5	1	T	C	A	0.0	1.0	0.0	0	5	0	0	False	SNS
CtDUw	1036480	5	2	C	C	T	0.6	0.6	0.4	0	3	2	0	False	SNV
CtDUw	1036525	5	2	C	C	T	0.6	0.6	0.4	0	3	2	0	False	SNV
